{
  "parent": "item/generated",
  "textures": {
    "layer0": "item/disc_fragment_5"
  },
  "overrides": [
    {
      "predicate": {
        "custom_model_data": 1
      },
      "model": "item/fragment_aptroseone"
    },
    {
      "predicate": {
        "custom_model_data": 2
      },
      "model": "item/fragment_cupidfiftyfiftyone"
    },
    {
      "predicate": {
        "custom_model_data": 3
      },
      "model": "item/fragment_sosfiftyfiftyone"
    },
    {
      "predicate": {
        "custom_model_data": 4
      },
      "model": "item/fragment_remedyvirtualriotone"
    }
  ]
}