{
  "parent": "item/generated",
  "textures": {
    "layer0": "item/music_disc_11"
  },
  "overrides": [
    {
      "predicate": {
        "custom_model_data": 1
      },
      "model": "item/music_disc_aptroseone"
    },
    {
      "predicate": {
        "custom_model_data": 2
      },
      "model": "item/music_disc_cupidfiftyfiftyone"
    },
    {
      "predicate": {
        "custom_model_data": 3
      },
      "model": "item/music_disc_sosfiftyfiftyone"
    },
    {
      "predicate": {
        "custom_model_data": 4
      },
      "model": "item/music_disc_remedyvirtualriotone"
    }
  ]
}