[
  {
    "title": "Apt",
    "author": "Rose",
    "duration": 170,
    "disc-namespace": "aptroseone",
    "model-data": 1,
    "creeper-drop": true,
    "lores": [],
    "loot-tables": {},
    "fragment-loot-tables": {}
  },
  {
    "title": "Cupid",
    "author": "Fifty-fifty",
    "duration": 156,
    "disc-namespace": "cupidfiftyfiftyone",
    "model-data": 2,
    "creeper-drop": true,
    "lores": [],
    "loot-tables": {},
    "fragment-loot-tables": {}
  },
  {
    "title": "SOS",
    "author": "Fifty-fifty",
    "duration": 202,
    "disc-namespace": "sosfiftyfiftyone",
    "model-data": 3,
    "creeper-drop": true,
    "lores": [],
    "loot-tables": {},
    "fragment-loot-tables": {}
  },
  {
    "title": "Remedy",
    "author": "Virtual Riot",
    "duration": 220,
    "disc-namespace": "remedyvirtualriotone",
    "model-data": 4,
    "creeper-drop": true,
    "lores": [],
    "loot-tables": {},
    "fragment-loot-tables": {}
  }
]