{
  "variants": {
    "": [
      { "model": "minecraft:block/nature_stuff/grass/dirt_path_block_1" },
      { "model": "minecraft:block/nature_stuff/grass/dirt_path_block_2" },
      { "model": "minecraft:block/nature_stuff/grass/dirt_path_block_3" },
      { "model": "minecraft:block/nature_stuff/grass/dirt_path_block_4" },
      { "model": "minecraft:block/nature_stuff/grass/dirt_path_block_5" },
      { "model": "minecraft:block/nature_stuff/grass/dirt_path_block_6" },
      { "model": "minecraft:block/nature_stuff/grass/dirt_path_block_7" },
      { "model": "minecraft:block/nature_stuff/grass/dirt_path_block_8" }
    ]
  }
}