{
  "aptroseone": {
    "sounds": [
      {
        "name": "records/aptroseone",
        "stream": true
      }
    ]
  },
  "cupidfiftyfiftyone": {
    "sounds": [
      {
        "name": "records/cupidfiftyfiftyone",
        "stream": true
      }
    ]
  },
  "sosfiftyfiftyone": {
    "sounds": [
      {
        "name": "records/sosfiftyfiftyone",
        "stream": true
      }
    ]
  },
  "remedyvirtualriotone": {
    "sounds": [
      {
        "name": "records/remedyvirtualriotone",
        "stream": true
      }
    ]
  }
}