[
  {
    "title": "Camille",
    "author": "Le Festin",
    "duration": 172,
    "disc-namespace": "camillelefestin",
    "model-data": 1,
    "creeper-drop": true,
    "lores": [],
    "loot-tables": {},
    "fragment-loot-tables": {}
  },
  {
    "title": "Zelda",
    "author": "Hateno Village Day",
    "duration": 224,
    "disc-namespace": "zeldahatenovillageday",
    "model-data": 2,
    "creeper-drop": true,
    "lores": [],
    "loot-tables": {},
    "fragment-loot-tables": {}
  },
  {
    "title": "Zelda",
    "author": "Hateno Village Night",
    "duration": 276,
    "disc-namespace": "zeldahatenovillagenight",
    "model-data": 3,
    "creeper-drop": true,
    "lores": [],
    "loot-tables": {},
    "fragment-loot-tables": {}
  },
  {
    "title": "Pentatonix",
    "author": "Can't Sleep Love",
    "duration": 174,
    "disc-namespace": "pentatonixcantsleeplove",
    "model-data": 4,
    "creeper-drop": true,
    "lores": [],
    "loot-tables": {},
    "fragment-loot-tables": {}
  },
  {
    "title": "Monkey Island",
    "author": "Woodtick",
    "duration": 244,
    "disc-namespace": "monkeyislandwoodtick",
    "model-data": 5,
    "creeper-drop": true,
    "lores": [],
    "loot-tables": {},
    "fragment-loot-tables": {}
  },
  {
    "title": "FiftyFifty",
    "author": "Push Your Love",
    "duration": 180,
    "disc-namespace": "fiftyfiftypushyourlove",
    "model-data": 6,
    "creeper-drop": true,
    "lores": [],
    "loot-tables": {},
    "fragment-loot-tables": {}
  },
  {
    "title": "Runescape",
    "author": "Medieval",
    "duration": 242,
    "disc-namespace": "runescapemedieval",
    "model-data": 7,
    "creeper-drop": true,
    "lores": [],
    "loot-tables": {},
    "fragment-loot-tables": {}
  },
  {
    "title": "Matt Papa",
    "author": "Christ The Sure And Steady Anchor",
    "duration": 243,
    "disc-namespace": "mattpapachristthesureandsteadyanchor",
    "model-data": 8,
    "creeper-drop": true,
    "lores": [],
    "loot-tables": {},
    "fragment-loot-tables": {}
  },
  {
    "title": "Suikoden",
    "author": "Reminiscence",
    "duration": 113,
    "disc-namespace": "suikodenreminiscence",
    "model-data": 9,
    "creeper-drop": true,
    "lores": [],
    "loot-tables": {},
    "fragment-loot-tables": {}
  },
  {
    "title": "Virtual Riot",
    "author": "Remedy",
    "duration": 220,
    "disc-namespace": "virtualriotremedy",
    "model-data": 10,
    "creeper-drop": true,
    "lores": [],
    "loot-tables": {},
    "fragment-loot-tables": {}
  },
  {
    "title": "Rose",
    "author": "Apt",
    "duration": 170,
    "disc-namespace": "roseapt",
    "model-data": 11,
    "creeper-drop": true,
    "lores": [],
    "loot-tables": {},
    "fragment-loot-tables": {}
  },
  {
    "title": "Suikoden",
    "author": "Ryube",
    "duration": 144,
    "disc-namespace": "suikodenryube",
    "model-data": 12,
    "creeper-drop": true,
    "lores": [],
    "loot-tables": {},
    "fragment-loot-tables": {}
  },
  {
    "title": "Ultima",
    "author": "Fortuneteller",
    "duration": 166,
    "disc-namespace": "ultimafortuneteller",
    "model-data": 13,
    "creeper-drop": true,
    "lores": [],
    "loot-tables": {},
    "fragment-loot-tables": {}
  },
  {
    "title": "Harvest Moon",
    "author": "Quiet Winter",
    "duration": 76,
    "disc-namespace": "harvestmoonquietwinter",
    "model-data": 14,
    "creeper-drop": true,
    "lores": [],
    "loot-tables": {},
    "fragment-loot-tables": {}
  },
  {
    "title": "FiftyFifty",
    "author": "SOS",
    "duration": 202,
    "disc-namespace": "fiftyfiftysos",
    "model-data": 15,
    "creeper-drop": true,
    "lores": [],
    "loot-tables": {},
    "fragment-loot-tables": {}
  },
  {
    "title": "Ultima",
    "author": "Empath Abbey",
    "duration": 71,
    "disc-namespace": "ultimaempathabbey",
    "model-data": 16,
    "creeper-drop": true,
    "lores": [],
    "loot-tables": {},
    "fragment-loot-tables": {}
  },
  {
    "title": "Bad Piggies",
    "author": "Build Ambience",
    "duration": 134,
    "disc-namespace": "badpiggiesbuildambience",
    "model-data": 17,
    "creeper-drop": true,
    "lores": [],
    "loot-tables": {},
    "fragment-loot-tables": {}
  },
  {
    "title": "Runescape",
    "author": "Sea Shanty 2",
    "duration": 128,
    "disc-namespace": "runescapeseashantytwo",
    "model-data": 18,
    "creeper-drop": true,
    "lores": [],
    "loot-tables": {},
    "fragment-loot-tables": {}
  },
  {
    "title": "Suikoden",
    "author": "Two Rivers",
    "duration": 204,
    "disc-namespace": "suikodentworivers",
    "model-data": 19,
    "creeper-drop": true,
    "lores": [],
    "loot-tables": {},
    "fragment-loot-tables": {}
  },
  {
    "title": "Suikoden",
    "author": "Mercenary",
    "duration": 126,
    "disc-namespace": "suikodenmercenary",
    "model-data": 20,
    "creeper-drop": true,
    "lores": [],
    "loot-tables": {},
    "fragment-loot-tables": {}
  },
  {
    "title": "Suikoden",
    "author": "Bygone Days",
    "duration": 294,
    "disc-namespace": "suikodenbygonedays",
    "model-data": 21,
    "creeper-drop": true,
    "lores": [],
    "loot-tables": {},
    "fragment-loot-tables": {}
  },
  {
    "title": "J.Fla",
    "author": "My Youth",
    "duration": 129,
    "disc-namespace": "jflamyyouth",
    "model-data": 22,
    "creeper-drop": true,
    "lores": [],
    "loot-tables": {},
    "fragment-loot-tables": {}
  },
  {
    "title": "FiftyFifty",
    "author": "Cupid",
    "duration": 156,
    "disc-namespace": "fiftyfiftycupid",
    "model-data": 23,
    "creeper-drop": true,
    "lores": [],
    "loot-tables": {},
    "fragment-loot-tables": {}
  },
  {
    "title": "Runescape",
    "author": "Harmony",
    "duration": 220,
    "disc-namespace": "runescapeharmony",
    "model-data": 24,
    "creeper-drop": true,
    "lores": [],
    "loot-tables": {},
    "fragment-loot-tables": {}
  },
  {
    "title": "Ultima",
    "author": "Market Place",
    "duration": 114,
    "disc-namespace": "ultimamarketplace",
    "model-data": 25,
    "creeper-drop": true,
    "lores": [],
    "loot-tables": {},
    "fragment-loot-tables": {}
  }
]