{
  "parent": "item/generated",
  "textures": {
    "layer0": "item/disc_fragment_5"
  },
  "overrides": [
    {
      "predicate": {
        "custom_model_data": 1
      },
      "model": "item/fragment_camillelefestin"
    },
    {
      "predicate": {
        "custom_model_data": 2
      },
      "model": "item/fragment_zeldahatenovillageday"
    },
    {
      "predicate": {
        "custom_model_data": 3
      },
      "model": "item/fragment_zeldahatenovillagenight"
    },
    {
      "predicate": {
        "custom_model_data": 4
      },
      "model": "item/fragment_pentatonixcantsleeplove"
    },
    {
      "predicate": {
        "custom_model_data": 5
      },
      "model": "item/fragment_monkeyislandwoodtick"
    },
    {
      "predicate": {
        "custom_model_data": 6
      },
      "model": "item/fragment_fiftyfiftypushyourlove"
    },
    {
      "predicate": {
        "custom_model_data": 7
      },
      "model": "item/fragment_runescapemedieval"
    },
    {
      "predicate": {
        "custom_model_data": 8
      },
      "model": "item/fragment_mattpapachristthesureandsteadyanchor"
    },
    {
      "predicate": {
        "custom_model_data": 9
      },
      "model": "item/fragment_suikodenreminiscence"
    },
    {
      "predicate": {
        "custom_model_data": 10
      },
      "model": "item/fragment_virtualriotremedy"
    },
    {
      "predicate": {
        "custom_model_data": 11
      },
      "model": "item/fragment_roseapt"
    },
    {
      "predicate": {
        "custom_model_data": 12
      },
      "model": "item/fragment_suikodenryube"
    },
    {
      "predicate": {
        "custom_model_data": 13
      },
      "model": "item/fragment_ultimafortuneteller"
    },
    {
      "predicate": {
        "custom_model_data": 14
      },
      "model": "item/fragment_harvestmoonquietwinter"
    },
    {
      "predicate": {
        "custom_model_data": 15
      },
      "model": "item/fragment_fiftyfiftysos"
    },
    {
      "predicate": {
        "custom_model_data": 16
      },
      "model": "item/fragment_ultimaempathabbey"
    },
    {
      "predicate": {
        "custom_model_data": 17
      },
      "model": "item/fragment_badpiggiesbuildambience"
    },
    {
      "predicate": {
        "custom_model_data": 18
      },
      "model": "item/fragment_runescapeseashantytwo"
    },
    {
      "predicate": {
        "custom_model_data": 19
      },
      "model": "item/fragment_suikodentworivers"
    },
    {
      "predicate": {
        "custom_model_data": 20
      },
      "model": "item/fragment_suikodenmercenary"
    },
    {
      "predicate": {
        "custom_model_data": 21
      },
      "model": "item/fragment_suikodenbygonedays"
    },
    {
      "predicate": {
        "custom_model_data": 22
      },
      "model": "item/fragment_jflamyyouth"
    },
    {
      "predicate": {
        "custom_model_data": 23
      },
      "model": "item/fragment_fiftyfiftycupid"
    },
    {
      "predicate": {
        "custom_model_data": 24
      },
      "model": "item/fragment_runescapeharmony"
    },
    {
      "predicate": {
        "custom_model_data": 25
      },
      "model": "item/fragment_ultimamarketplace"
    }
  ]
}