{
  "parent": "item/generated",
  "textures": {
    "layer0": "item/music_disc_11"
  },
  "overrides": [
    {
      "predicate": {
        "custom_model_data": 1
      },
      "model": "item/music_disc_camillelefestin"
    },
    {
      "predicate": {
        "custom_model_data": 2
      },
      "model": "item/music_disc_zeldahatenovillageday"
    },
    {
      "predicate": {
        "custom_model_data": 3
      },
      "model": "item/music_disc_zeldahatenovillagenight"
    },
    {
      "predicate": {
        "custom_model_data": 4
      },
      "model": "item/music_disc_pentatonixcantsleeplove"
    },
    {
      "predicate": {
        "custom_model_data": 5
      },
      "model": "item/music_disc_monkeyislandwoodtick"
    },
    {
      "predicate": {
        "custom_model_data": 6
      },
      "model": "item/music_disc_fiftyfiftypushyourlove"
    },
    {
      "predicate": {
        "custom_model_data": 7
      },
      "model": "item/music_disc_runescapemedieval"
    },
    {
      "predicate": {
        "custom_model_data": 8
      },
      "model": "item/music_disc_mattpapachristthesureandsteadyanchor"
    },
    {
      "predicate": {
        "custom_model_data": 9
      },
      "model": "item/music_disc_suikodenreminiscence"
    },
    {
      "predicate": {
        "custom_model_data": 10
      },
      "model": "item/music_disc_virtualriotremedy"
    },
    {
      "predicate": {
        "custom_model_data": 11
      },
      "model": "item/music_disc_roseapt"
    },
    {
      "predicate": {
        "custom_model_data": 12
      },
      "model": "item/music_disc_suikodenryube"
    },
    {
      "predicate": {
        "custom_model_data": 13
      },
      "model": "item/music_disc_ultimafortuneteller"
    },
    {
      "predicate": {
        "custom_model_data": 14
      },
      "model": "item/music_disc_harvestmoonquietwinter"
    },
    {
      "predicate": {
        "custom_model_data": 15
      },
      "model": "item/music_disc_fiftyfiftysos"
    },
    {
      "predicate": {
        "custom_model_data": 16
      },
      "model": "item/music_disc_ultimaempathabbey"
    },
    {
      "predicate": {
        "custom_model_data": 17
      },
      "model": "item/music_disc_badpiggiesbuildambience"
    },
    {
      "predicate": {
        "custom_model_data": 18
      },
      "model": "item/music_disc_runescapeseashantytwo"
    },
    {
      "predicate": {
        "custom_model_data": 19
      },
      "model": "item/music_disc_suikodentworivers"
    },
    {
      "predicate": {
        "custom_model_data": 20
      },
      "model": "item/music_disc_suikodenmercenary"
    },
    {
      "predicate": {
        "custom_model_data": 21
      },
      "model": "item/music_disc_suikodenbygonedays"
    },
    {
      "predicate": {
        "custom_model_data": 22
      },
      "model": "item/music_disc_jflamyyouth"
    },
    {
      "predicate": {
        "custom_model_data": 23
      },
      "model": "item/music_disc_fiftyfiftycupid"
    },
    {
      "predicate": {
        "custom_model_data": 24
      },
      "model": "item/music_disc_runescapeharmony"
    },
    {
      "predicate": {
        "custom_model_data": 25
      },
      "model": "item/music_disc_ultimamarketplace"
    }
  ]
}