{
  "camillelefestin": {
    "sounds": [
      {
        "name": "records/camillelefestin",
        "stream": true
      }
    ]
  },
  "zeldahatenovillageday": {
    "sounds": [
      {
        "name": "records/zeldahatenovillageday",
        "stream": true
      }
    ]
  },
  "zeldahatenovillagenight": {
    "sounds": [
      {
        "name": "records/zeldahatenovillagenight",
        "stream": true
      }
    ]
  },
  "pentatonixcantsleeplove": {
    "sounds": [
      {
        "name": "records/pentatonixcantsleeplove",
        "stream": true
      }
    ]
  },
  "monkeyislandwoodtick": {
    "sounds": [
      {
        "name": "records/monkeyislandwoodtick",
        "stream": true
      }
    ]
  },
  "fiftyfiftypushyourlove": {
    "sounds": [
      {
        "name": "records/fiftyfiftypushyourlove",
        "stream": true
      }
    ]
  },
  "runescapemedieval": {
    "sounds": [
      {
        "name": "records/runescapemedieval",
        "stream": true
      }
    ]
  },
  "mattpapachristthesureandsteadyanchor": {
    "sounds": [
      {
        "name": "records/mattpapachristthesureandsteadyanchor",
        "stream": true
      }
    ]
  },
  "suikodenreminiscence": {
    "sounds": [
      {
        "name": "records/suikodenreminiscence",
        "stream": true
      }
    ]
  },
  "virtualriotremedy": {
    "sounds": [
      {
        "name": "records/virtualriotremedy",
        "stream": true
      }
    ]
  },
  "roseapt": {
    "sounds": [
      {
        "name": "records/roseapt",
        "stream": true
      }
    ]
  },
  "suikodenryube": {
    "sounds": [
      {
        "name": "records/suikodenryube",
        "stream": true
      }
    ]
  },
  "ultimafortuneteller": {
    "sounds": [
      {
        "name": "records/ultimafortuneteller",
        "stream": true
      }
    ]
  },
  "harvestmoonquietwinter": {
    "sounds": [
      {
        "name": "records/harvestmoonquietwinter",
        "stream": true
      }
    ]
  },
  "fiftyfiftysos": {
    "sounds": [
      {
        "name": "records/fiftyfiftysos",
        "stream": true
      }
    ]
  },
  "ultimaempathabbey": {
    "sounds": [
      {
        "name": "records/ultimaempathabbey",
        "stream": true
      }
    ]
  },
  "badpiggiesbuildambience": {
    "sounds": [
      {
        "name": "records/badpiggiesbuildambience",
        "stream": true
      }
    ]
  },
  "runescapeseashantytwo": {
    "sounds": [
      {
        "name": "records/runescapeseashantytwo",
        "stream": true
      }
    ]
  },
  "suikodentworivers": {
    "sounds": [
      {
        "name": "records/suikodentworivers",
        "stream": true
      }
    ]
  },
  "suikodenmercenary": {
    "sounds": [
      {
        "name": "records/suikodenmercenary",
        "stream": true
      }
    ]
  },
  "suikodenbygonedays": {
    "sounds": [
      {
        "name": "records/suikodenbygonedays",
        "stream": true
      }
    ]
  },
  "jflamyyouth": {
    "sounds": [
      {
        "name": "records/jflamyyouth",
        "stream": true
      }
    ]
  },
  "fiftyfiftycupid": {
    "sounds": [
      {
        "name": "records/fiftyfiftycupid",
        "stream": true
      }
    ]
  },
  "runescapeharmony": {
    "sounds": [
      {
        "name": "records/runescapeharmony",
        "stream": true
      }
    ]
  },
  "ultimamarketplace": {
    "sounds": [
      {
        "name": "records/ultimamarketplace",
        "stream": true
      }
    ]
  }
}