{
  "model": {
    "type": "range_dispatch",
    "property": "custom_model_data",
    "fallback": {
      "type": "model",
      "model": "item/disc_fragment_5"
    },
    "entries": [
      {
        "threshold": 1,
        "model": {
          "type": "model",
          "model": "item/fragment_camillelefestin"
        }
      },
      {
        "threshold": 2,
        "model": {
          "type": "model",
          "model": "item/fragment_zeldahatenovillageday"
        }
      },
      {
        "threshold": 3,
        "model": {
          "type": "model",
          "model": "item/fragment_zeldahatenovillagenight"
        }
      },
      {
        "threshold": 4,
        "model": {
          "type": "model",
          "model": "item/fragment_pentatonixcantsleeplove"
        }
      },
      {
        "threshold": 5,
        "model": {
          "type": "model",
          "model": "item/fragment_monkeyislandwoodtick"
        }
      },
      {
        "threshold": 6,
        "model": {
          "type": "model",
          "model": "item/fragment_fiftyfiftypushyourlove"
        }
      },
      {
        "threshold": 7,
        "model": {
          "type": "model",
          "model": "item/fragment_runescapemedieval"
        }
      },
      {
        "threshold": 8,
        "model": {
          "type": "model",
          "model": "item/fragment_mattpapachristthesureandsteadyanchor"
        }
      },
      {
        "threshold": 9,
        "model": {
          "type": "model",
          "model": "item/fragment_suikodenreminiscence"
        }
      },
      {
        "threshold": 10,
        "model": {
          "type": "model",
          "model": "item/fragment_virtualriotremedy"
        }
      },
      {
        "threshold": 11,
        "model": {
          "type": "model",
          "model": "item/fragment_roseapt"
        }
      },
      {
        "threshold": 12,
        "model": {
          "type": "model",
          "model": "item/fragment_suikodenryube"
        }
      },
      {
        "threshold": 13,
        "model": {
          "type": "model",
          "model": "item/fragment_ultimafortuneteller"
        }
      },
      {
        "threshold": 14,
        "model": {
          "type": "model",
          "model": "item/fragment_harvestmoonquietwinter"
        }
      },
      {
        "threshold": 15,
        "model": {
          "type": "model",
          "model": "item/fragment_fiftyfiftysos"
        }
      },
      {
        "threshold": 16,
        "model": {
          "type": "model",
          "model": "item/fragment_ultimaempathabbey"
        }
      },
      {
        "threshold": 17,
        "model": {
          "type": "model",
          "model": "item/fragment_badpiggiesbuildambience"
        }
      },
      {
        "threshold": 18,
        "model": {
          "type": "model",
          "model": "item/fragment_runescapeseashantytwo"
        }
      },
      {
        "threshold": 19,
        "model": {
          "type": "model",
          "model": "item/fragment_suikodentworivers"
        }
      },
      {
        "threshold": 20,
        "model": {
          "type": "model",
          "model": "item/fragment_suikodenmercenary"
        }
      },
      {
        "threshold": 21,
        "model": {
          "type": "model",
          "model": "item/fragment_suikodenbygonedays"
        }
      },
      {
        "threshold": 22,
        "model": {
          "type": "model",
          "model": "item/fragment_jflamyyouth"
        }
      },
      {
        "threshold": 23,
        "model": {
          "type": "model",
          "model": "item/fragment_fiftyfiftycupid"
        }
      },
      {
        "threshold": 24,
        "model": {
          "type": "model",
          "model": "item/fragment_runescapeharmony"
        }
      },
      {
        "threshold": 25,
        "model": {
          "type": "model",
          "model": "item/fragment_ultimamarketplace"
        }
      }
    ]
  }
}