{
  "model": {
    "type": "range_dispatch",
    "property": "custom_model_data",
    "fallback": {
      "type": "model",
      "model": "item/music_disc_11"
    },
    "entries": [
      {
        "threshold": 1,
        "model": {
          "type": "model",
          "model": "item/music_disc_camillelefestin"
        }
      },
      {
        "threshold": 2,
        "model": {
          "type": "model",
          "model": "item/music_disc_zeldahatenovillageday"
        }
      },
      {
        "threshold": 3,
        "model": {
          "type": "model",
          "model": "item/music_disc_zeldahatenovillagenight"
        }
      },
      {
        "threshold": 4,
        "model": {
          "type": "model",
          "model": "item/music_disc_pentatonixcantsleeplove"
        }
      },
      {
        "threshold": 5,
        "model": {
          "type": "model",
          "model": "item/music_disc_monkeyislandwoodtick"
        }
      },
      {
        "threshold": 6,
        "model": {
          "type": "model",
          "model": "item/music_disc_fiftyfiftypushyourlove"
        }
      },
      {
        "threshold": 7,
        "model": {
          "type": "model",
          "model": "item/music_disc_runescapemedieval"
        }
      },
      {
        "threshold": 8,
        "model": {
          "type": "model",
          "model": "item/music_disc_mattpapachristthesureandsteadyanchor"
        }
      },
      {
        "threshold": 9,
        "model": {
          "type": "model",
          "model": "item/music_disc_suikodenreminiscence"
        }
      },
      {
        "threshold": 10,
        "model": {
          "type": "model",
          "model": "item/music_disc_virtualriotremedy"
        }
      },
      {
        "threshold": 11,
        "model": {
          "type": "model",
          "model": "item/music_disc_roseapt"
        }
      },
      {
        "threshold": 12,
        "model": {
          "type": "model",
          "model": "item/music_disc_suikodenryube"
        }
      },
      {
        "threshold": 13,
        "model": {
          "type": "model",
          "model": "item/music_disc_ultimafortuneteller"
        }
      },
      {
        "threshold": 14,
        "model": {
          "type": "model",
          "model": "item/music_disc_harvestmoonquietwinter"
        }
      },
      {
        "threshold": 15,
        "model": {
          "type": "model",
          "model": "item/music_disc_fiftyfiftysos"
        }
      },
      {
        "threshold": 16,
        "model": {
          "type": "model",
          "model": "item/music_disc_ultimaempathabbey"
        }
      },
      {
        "threshold": 17,
        "model": {
          "type": "model",
          "model": "item/music_disc_badpiggiesbuildambience"
        }
      },
      {
        "threshold": 18,
        "model": {
          "type": "model",
          "model": "item/music_disc_runescapeseashantytwo"
        }
      },
      {
        "threshold": 19,
        "model": {
          "type": "model",
          "model": "item/music_disc_suikodentworivers"
        }
      },
      {
        "threshold": 20,
        "model": {
          "type": "model",
          "model": "item/music_disc_suikodenmercenary"
        }
      },
      {
        "threshold": 21,
        "model": {
          "type": "model",
          "model": "item/music_disc_suikodenbygonedays"
        }
      },
      {
        "threshold": 22,
        "model": {
          "type": "model",
          "model": "item/music_disc_jflamyyouth"
        }
      },
      {
        "threshold": 23,
        "model": {
          "type": "model",
          "model": "item/music_disc_fiftyfiftycupid"
        }
      },
      {
        "threshold": 24,
        "model": {
          "type": "model",
          "model": "item/music_disc_runescapeharmony"
        }
      },
      {
        "threshold": 25,
        "model": {
          "type": "model",
          "model": "item/music_disc_ultimamarketplace"
        }
      }
    ]
  }
}